{
  "packages": [
    {
      "name": "Anet",
      "maintainer": "Hans Raaf",
      "websiteURL": "https://github.com/SkyNet3D/anet-board",
      "email": "hans@raaf.net",
      "help": {
        "online": "https://github.com/SkyNet3D/anet-board"
      },
      "platforms": [
        {
          "name": "Anet 3D Printer Boards",
          "architecture": "avr",
          "version": "1.0",
          "category": "Contributed",
          "help": {
            "online": "https://github.com/SkyNet3D/anet-board"
          },
          "url": "https://github.com/benlye/anet-board/archive/1.0.1.zip",
          "archiveFileName": "1.0.1.zip",
          "checksum": "SHA-256:eb468d4157eac5ad5d18941b2f7f54d32c77b855a7f22520b7346845f286afa6",
          "size": "43269",
          "boards": [
            {"name": "Anet V1.0"},
            {"name": "Anet V1.0 (Optiboot)"}
          ],
          "toolsDependencies": []
        }
      ],
      "tools": []
    }
  ]
}
